{
   "1": {
   "code": "global",
   "country": "Global",
   "now": 448159.802889924,
   "gdp22": 448159.802889924,
   "gdp22-23": 30421.3520222652,
   "now-pc": 56900.8100000004,
   "gdppc22": 56900.8100000004,
   "gdppc22-23": 3204.69999999958
   },
   "2": {
   "code": "g20",
   "country": "G20",
   "now": 403934.400107945,
   "gdp22": 403934.400107945,
   "gdp22-23": 27204.8723239318,
   "now-pc": 82372.2199999979,
   "gdppc22": 82372.2199999979,
   "gdppc22-23": 5146.50000000212
   },
   "3": {
   "code": "top10",
   "country": "Top10",
   "now": 344873.778278811,
   "gdp22": 344873.778278811,
   "gdp22-23": 20482.6741232182,
   "now-pc": 95147.5900000025,
   "gdppc22": 95147.5900000025,
   "gdppc22-23": 5175.69999999745
   },
   "4": {
   "code": "apec",
   "country": "APEC",
   "now": 307854.619911533,
   "gdp22": 307854.619911533,
   "gdp22-23": 22437.0390766469,
   "now-pc": 103710.889999993,
   "gdppc22": 103710.889999993,
   "gdppc22-23": 7205.10000000722
   },
   "5": {
   "code": "oecd",
   "country": "OECD",
   "now":304611.087333007,
   "gdp22": 304611.087333007,
   "gdp22-23": 19560.0744534837,
   "now-pc": 220952.589999991,
   "gdppc22": 220952.589999991,
   "gdppc22-23": 13629.1000000093
   },
   "6": {
   "code": "g7",
   "country": "G7",
   "now": 237610.539063647,
   "gdp22": 237610.539063647,
   "gdp22-23": 15116.1325803472,
   "now-pc": 307418.599999976,
   "gdppc22": 307418.599999976,
   "gdppc22-23": 18731.8000000237
   },
   "7": {
   "code": "quad",
   "country": "Quad",
   "now": 189860.089084526,
   "gdp22": 189860.089084526,
   "gdp22-23": 12828.6622751757,
   "now-pc": 100694.089999992,
   "gdppc22": 100694.089999992,
   "gdppc22-23":5825.40000000765
   },
   "8": {
   "code": "rcep",
   "country": "RCEP",
   "now": 137919.964526152,
   "gdp22":137919.964526152,
   "gdp22-23": 9618.99290749803,
   "now-pc": 59990.770000003,
   "gdppc22": 59990.770000003,
   "gdppc22-23": 4000.39999999703
   },
   "9": {
   "code": "brics",
   "country": "BRICS",
   "now": 103381.192834115,
   "gdp22": 103381.192834115,
   "gdp22-23": 7960.07617619791,
   "now-pc": 31912.3699999996,
   "gdppc22": 31912.3699999996,
   "gdppc22-23": 2270.30000000042
   },
   "10": {
   "code": "eu",
   "country": "EU",
   "now": 76139.1164234181,
   "gdp22": 76139.1164234181,
   "gdp22-23": 4286.5030235039,
   "now-pc": 168270.59,
   "gdppc22": 168270.59,
   "gdppc22-23": 10220
   },
   "11": {
   "code": "cptpp",
   "country": "CPTPP",
   "now": 57650.4994853618,
   "gdp22": 57650.4994853618,
   "gdp22-23": 3120.93474839923,
   "now-pc": 112890.279999997,
   "gdppc22": 112890.279999997,
   "gdppc22-23": 5489.60000000297
   },
   "12": {
   "code": "aladi",
   "country": "ALADI",
   "now":10668.1711205562,
   "gdp22": 10668.1711205562,
   "gdp22-23": 493.749063399773,
   "now-pc": 18982.6200000003,
   "gdppc22": 18982.6200000003,
   "gdppc22-23": 715.399999999681
   },
   "13": {
   "code": "asean",
   "country": "ASEAN",
   "now": 9139.4867321032,
   "gdp22": 9139.4867321032,
   "gdp22-23": 672.820731550801,
   "now-pc": 13663.3500000001,
   "gdppc22": 13663.3500000001,
   "gdppc22-23": 846.799999999894
   },
   "14": {
   "code": "opec",
   "country": "OPEC",
   "now": 7711.40508254812,
   "gdp22": 7711.40508254812,
   "gdp22-23": 548.432022389879,
   "now-pc": 15003.6800000006,
   "gdppc22": 15003.6800000006,
   "gdppc22-23": 700.799999999363
   },
   "15": {
   "code": "african union",
   "country": "AU",
   "now": 5399,
   "gdp22": 5399,
   "gdp22-23": 388.990133810403,
   "now-pc": 4208.50,
   "gdppc22": 4208.50,
   "gdppc22-23": 182.5
   },
   "16": {
   "code": "eco",
   "country": "ECO",
   "now": 4870.200007134823,
   "gdp22": 4870.200007134823,
   "gdp22-23": 317.481649369774,
   "now-pc": 10001.0399999993,
   "gdppc22": 10001.0399999993,
   "gdppc22-23": 459.900000000744
   }
   }
